Station,Date,Tmax,Tmin,Tavg,DewPoint,CodeSum,PrecipTotal,StnPressure,SeaLevel,AvgSpeed,Year,Month,Day,Year Month
1.0,2007-05-01,28.33,10.0,19.44,51.0, ,0.00,985.44,1009.82,14.81,2007.0,5.0,1.0,2007 05
2.0,2007-05-02,28.89,11.11,20.0,42.0,BR,  T,988.15,1018.96,15.45,2008.0,6.0,2.0,2007 06
,2007-05-03,15.0,5.56,10.56,40.0,BR HZ,0.13,994.92,1018.63,21.57,2009.0,7.0,3.0,2007 07
,2007-05-04,15.56,6.11,11.11,41.0,HZ,0.02,996.95,1019.98,19.15,2010.0,8.0,4.0,2007 08
,2007-05-05,18.89,7.78,13.33,38.0,RA,0.38,995.26,1017.61,21.24,2011.0,9.0,5.0,2007 09
,2007-05-06,19.44,8.89,14.44,39.0,RA BR,0.60,997.63,1017.27,17.38,2012.0,10.0,6.0,2007 10
,2007-05-07,25.56,9.44,,30.0,TSRA RA BR,0.14,992.55,1019.3,16.74,2013.0,,7.0,2008 05
,2007-05-08,20.0,10.56,15.56,58.0,RA VCTS,0.07,994.24,1025.74,19.31,2014.0,,8.0,2008 06
,2007-05-09,27.78,11.67,15.0,57.0,TSRA RA,0.11,995.6,1025.4,18.51,,,9.0,2008 07
,2007-05-10,26.67,12.22,18.33,59.0,RA HZ,0.09,1001.36,1016.93,24.14,,,10.0,2008 08
,2007-05-11,25.0,8.33,21.11,60.0,TSRA RA BR HZ,1.01,1003.05,1016.59,23.34,,,11.0,2008 09
,2007-05-12,24.44,15.56,20.56,52.0,TSRA BR HZ,0.28,991.87,1013.89,16.9,,,12.0,2008 10
,2007-05-13,21.11,16.11,21.67,44.0,RA BR HZ VCTS,0.04,989.16,1013.55,15.93,,,13.0,2009 05
,2007-05-14,22.78,17.22,16.11,36.0,TSRA RA HZ,0.08,991.53,1013.21,9.33,,,14.0,2009 06
,2007-05-15,17.78,13.33,12.78,37.0,TSRA BR HZ VCTS,0.01,988.83,1012.87,8.69,,,15.0,2009 07
,2007-05-16,18.33,15.0,13.89,33.0,TSRA,0.53,990.86,1022.69,9.98,,,16.0,2009 08
,2007-05-17,20.56,6.67,22.78,32.0,TSRA BR HZ FU,0.19,993.23,1022.35,9.5,,,17.0,2009 09
,2007-05-18,32.22,13.89,22.22,47.0,TSRA RA HZ FU,0.21,998.65,1024.04,6.6,,,18.0,2009 10
,2007-05-19,16.67,7.22,11.67,45.0,BR HZ FU,0.32,1000.34,1014.9,6.28,,,19.0,2010 05
,2007-05-20,16.11,12.78,16.67,56.0,TSRA RA VCTS,0.39,1000.68,1015.24,20.76,,,20.0,2010 06
,2007-05-21,21.67,18.89,17.22,43.0,HZ VCTS,0.31,989.84,1010.5,20.6,,,21.0,2010 07
,2007-05-22,26.11,18.33,23.33,31.0,TSRA HZ,0.42,986.46,1010.16,20.92,,,22.0,2010 08
,2007-05-23,30.56,21.11,23.89,50.0,VCTS,0.27,988.49,1025.06,13.04,,,23.0,2010 09
,2007-05-24,31.67,20.0,25.56,46.0,RA BR VCTS,0.16,1000.0,1024.38,12.23,,,24.0,2010 10
,2007-05-25,31.11,16.67,24.44,49.0,TSRA RA BR VCTS,0.58,1002.37,1024.72,27.84,,,25.0,2011 05
,2007-05-26,23.89,19.44,25.0,48.0,TS TSRA RA BR HZ VCTS,0.93,993.57,1019.64,23.5,,,26.0,2011 06
,2007-05-27,29.44,17.78,18.89,54.0,DZ BR,0.05,995.94,1017.95,19.79,,,27.0,2011 07
,2007-05-28,30.0,14.44,26.67,53.0,TS TSRA RA BR HZ,0.34,997.97,1023.71,19.63,,,28.0,2011 08
,2007-05-29,27.22,21.67,17.78,55.0,TS TSRA BR HZ,0.15,999.32,1021.0,18.99,,,29.0,2011 09
,2007-05-30,22.22,20.56,27.22,61.0,RA BR HZ,0.35,996.28,1020.66,18.19,,,30.0,2011 10
,2007-05-31,17.22,22.78,27.78,63.0,TSRA RA DZ BR HZ,M,996.61,1015.92,12.07,,,31.0,2012 05
,2007-06-01,32.78,23.89,26.11,62.0,TS TSRA RA BR,0.40,990.52,1015.58,8.85,,,,2012 06
,2007-06-02,33.33,22.22,29.44,64.0,TS RA BR,0.66,983.07,1012.53,18.35,,,,2012 07
,2007-06-03,33.89,23.33,28.89,65.0,TS TSRA RA,0.30,975.96,1008.13,17.22,,,,2012 08
,2007-06-04,23.33,3.89,28.33,66.0,TS TSRA RA BR VCTS,0.24,977.65,1007.79,15.61,,,,2012 09
,2007-06-05,34.44,5.0,10.0,67.0,TS TSRA BR,0.43,977.99,1001.02,13.2,,,,2012 10
,2007-06-06,12.22,4.44,9.44,69.0,TS RA,1.55,987.47,1000.34,12.55,,,,2013 05
,2007-06-07,11.67,2.78,7.78,70.0,RA BCFG BR,0.92,984.42,999.66,16.42,,,,2013 06
,2007-06-08,13.33,1.11,8.89,68.0,TSRA BR,0.89,976.63,999.32,17.06,,,,2013 07
,2007-06-09,13.89,3.33,7.22,71.0,RA DZ FG+ BCFG BR,0.17,979.01,1008.81,18.02,,,,2013 08
,2007-06-10,14.44,1.67,12.22,72.0,RA FG+ MIFG BR,0.03,990.18,1008.47,24.46,,,,2013 09
,2007-06-11,12.78,2.22,8.33,73.0,RA DZ,1.43,,1009.48,14.16,,,,2013 10
,2007-06-12,10.0,0.56,6.67,35.0,RA DZ BR,0.97,992.21,1000.68,11.59,,,,2014 05
,2007-06-13,35.0,-0.56,4.44,34.0,TS TSRA RA HZ,0.26,986.12,1010.84,15.29,,,,2014 06
,2007-06-14,11.11,0.0,5.0,29.0,TSRA RA FG+ FG BR,1.31,997.29,1018.29,8.53,,,,2014 07
,2007-06-15,8.33,24.44,3.33,27.0,TSRA DZ FG+ FG BR HZ,0.06,1001.02,1021.34,8.37,,,,2014 08
,2007-06-16,7.22,25.0,3.89,28.0,TS BR,0.46,992.89,,10.46,,,,2014 09
,2007-06-17,10.56,-1.67,5.56,23.0,RA BR SQ,0.29,983.75,1014.56,11.91,,,,2014 10
,2007-06-18,8.89,25.56,2.78,24.0,TS TSRA,0.23,985.78,1014.22,16.25,,,,
,2007-06-19,6.67,26.11,6.11,25.0,TSRA RA BR HZ VCTS,0.41,984.08,1020.32,10.3,,,,
,2007-06-20,9.44,26.67,30.0,22.0,BR VCTS,0.45,989.5,1023.03,10.78,,,,
,2007-06-21,7.78,27.22,30.56,26.0,TS,0.83,984.76,1023.37,37.18,,,,
,2007-06-22,35.56,27.78,31.67,75.0,FG+ BR HZ,1.33,986.79,1011.85,33.31,,,,
,2007-06-23,37.22,28.33,33.33,74.0,RA SN,0.91,994.58,1016.26,22.21,,,,
,2007-06-24,37.78,,31.11,,TSRA RA DZ BR,0.48,993.91,1009.14,19.96,,,,
,2007-06-25,38.33,,32.78,,DZ BR HZ,0.37,987.13,1012.19,8.05,,,,
,2007-06-26,36.11,,33.89,,RA BR FU,0.88,987.81,1007.11,7.56,,,,
,2007-06-27,36.67,,34.44,,TS BR HZ,2.35,998.31,1011.51,9.01,,,,
,2007-06-28,38.89,,32.22,,DZ,1.96,999.66,1011.18,11.1,,,,
,2007-06-29,39.44,,2.22,,FG+ BR,0.20,991.2,1022.01,13.52,,,,
,2007-06-30,40.0,,,,FG+ FG BR,0.25,998.99,1021.67,16.09,,,,
,2007-07-01,5.56,,,,FG+ MIFG BR,0.18,968.17,993.57,13.84,,,,
,2007-07-02,5.0,,,,TSRA RA FG BR,0.67,970.88,996.95,,,,,
,2007-07-03,,,,,TSRA FG+ BR,0.36,973.59,997.29,10.94,,,,
,2007-07-04,,,,,RA DZ BR HZ,0.33,982.73,1006.1,7.89,,,,
,2007-07-05,,,,,RA DZ SN,1.28,1008.81,1006.44,9.82,,,,
,2007-07-06,,,,,FG+ FG BR HZ,0.74,1011.18,1033.53,10.14,,,,
,2007-07-07,,,,,TS TSRA RA FG BR,0.76,1003.39,1033.86,24.3,,,,
,2007-07-08,,,,,BR HZ VCFG,0.71,1005.76,1029.46,20.28,,,,
,2007-07-09,,,,,TS RA FG+ FG BR,0.95,980.36,1029.8,12.39,,,,
,2007-07-10,,,,,TSRA RA FG+ BR,1.46,982.39,1004.74,14.0,,,,
,2007-07-11,,,,,RA DZ FG+ FG BR,0.12,974.94,1000.0,14.48,,,,
,2007-07-12,,,,,TS TSRA RA VCTS,0.52,976.97,1005.42,12.87,,,,
,2007-07-13,,,,,FU,0.64,981.04,1002.71,9.66,,,,
,2007-07-14,,,,,TS TSRA VCFG,0.22,978.33,1003.73,11.43,,,,
,2007-07-15,,,,,TS TSRA HZ,1.24,980.02,1003.39,13.68,,,,
,2007-07-16,,,,,TS TSRA GR RA BR,0.72,979.68,1004.4,20.12,,,,
,2007-07-17,,,,,RA FG BR,0.73,981.38,1005.76,21.4,,,,
,2007-07-18,,,,,HZ FU,0.65,980.7,1027.43,13.36,,,,
,2007-07-19,,,,,RA BR HZ FU,1.61,982.05,1027.09,11.75,,,,
,2007-07-20,,,,,MIFG BCFG BR,1.22,1004.4,1003.05,21.08,,,,
,2007-07-21,,,,,FG+ BCFG BR,0.50,985.1,1002.37,20.44,,,,
,2007-07-22,,,,,TSRA RA FG+ FG BR HZ,1.05,978.67,1007.45,17.54,,,,
,2007-07-23,,,,,FG+,2.43,983.41,1005.08,17.86,,,,
,2007-07-24,,,,,TSRA BR SQ,0.59,1002.03,1006.77,22.37,,,,
,2007-07-25,,,,,TSRA DZ BR HZ,2.90,1004.06,1026.41,10.62,,,,
,2007-07-26,,,,,RA BR HZ VCFG,2.68,1001.69,1026.08,23.17,,,,
,2007-07-27,,,,,RA FG+ BR,1.23,1002.71,1026.75,14.64,,,,
,2007-07-28,,,,,FG BR HZ,0.62,1003.73,1028.45,5.31,,,,
,2007-07-29,,,,,TS HZ,6.64,1006.1,1029.12,5.63,,,,
,2007-07-30,,,,,TS TSRA RA FG BR HZ,3.07,1004.74,1002.03,6.44,,,,
,2007-07-31,,,,,RA DZ FG+ BR,1.44,975.28,1004.06,11.27,,,,
,2007-08-01,,,,,RA DZ FG+ BR HZ,1.75,972.91,1027.77,15.13,,,,
,2007-08-02,,,,,TSRA FG+ BR HZ,0.82,1005.08,1028.11,12.71,,,,
,2007-08-03,,,,,RA BR VCFG,0.80,973.25,998.31,9.17,,,,
,2007-08-04,,,,,TS RA BR HZ,0.86,966.81,1028.79,6.92,,,,
,2007-08-05,,,,,BCFG BR,0.63,969.52,998.99,7.4,,,,
,2007-08-06,,,,,RA SN BR,0.55,979.34,990.52,5.95,,,,
,2007-08-07,,,,,,1.03,981.71,989.84,18.83,,,,
,2007-08-08,,,,,,0.70,975.62,997.63,7.08,,,,
,2007-08-09,,,,,,1.73,972.23,996.61,19.47,,,,
,2007-08-10,,,,,,1.38,971.56,997.97,21.73,,,,
,2007-08-11,,,,,,0.44,974.26,,22.05,,,,
,2007-08-12,,,,,,1.14,976.3,,17.7,,,,
,2007-08-13,,,,,,1.07,,,15.77,,,,
,2007-08-14,,,,,,3.97,,,14.32,,,,
,2007-08-15,,,,,,0.87,,,16.58,,,,
,2007-08-16,,,,,,0.78,,,24.94,,,,
,2007-08-17,,,,,,1.12,,,30.42,,,,
,2007-08-18,,,,,,0.68,,,27.68,,,,
,2007-08-19,,,,,,0.10,,,26.88,,,,
,2007-08-20,,,,,,0.61,,,28.97,,,,
,2007-08-21,,,,,,0.54,,,29.29,,,,
,2007-08-22,,,,,,1.19,,,27.04,,,,
,2007-08-23,,,,,,0.75,,,22.69,,,,
,2007-08-24,,,,,,0.84,,,23.66,,,,
,2007-08-25,,,,,,1.29,,,6.76,,,,
,2007-08-26,,,,,,0.81,,,14.97,,,,
,2007-08-27,,,,,,1.15,,,23.01,,,,
,2007-08-28,,,,,,1.49,,,28.49,,,,
,2007-08-29,,,,,,1.57,,,28.65,,,,
,2007-08-30,,,,,,1.02,,,25.59,,,,
,2007-08-31,,,,,,1.30,,,31.06,,,,
,2007-09-01,,,,,,0.51,,,28.0,,,,
,2007-09-02,,,,,,0.85,,,6.12,,,,
,2007-09-03,,,,,,0.79,,,7.72,,,,
,2007-09-04,,,,,,0.77,,,22.53,,,,
,2007-09-05,,,,,,2.79,,,34.6,,,,
,2007-09-06,,,,,,3.15,,,31.38,,,,
,2007-09-07,,,,,,3.64,,,26.23,,,,
,2007-09-08,,,,,,4.73,,,8.21,,,,
,2007-09-09,,,,,,1.60,,,5.79,,,,
,2007-09-10,,,,,,0.57,,,5.15,,,,
,2007-09-11,,,,,,2.24,,,7.24,,,,
,2007-09-12,,,,,,1.90,,,4.67,,,,
,2007-09-13,,,,,,1.06,,,4.99,,,,
,2007-09-14,,,,,,1.88,,,4.35,,,,
,2007-09-15,,,,,,0.69,,,29.61,,,,
,2007-09-16,,,,,,2.17,,,26.39,,,,
,2007-09-17,,,,,,6.86,,,23.82,,,,
,2007-09-18,,,,,,0.49,,,18.67,,,,
,2007-09-19,,,,,,1.11,,,21.89,,,,
,2007-09-20,,,,,,1.21,,,3.86,,,,
,2007-09-21,,,,,,0.90,,,4.18,,,,
,2007-09-22,,,,,,1.34,,,5.47,,,,
,2007-09-23,,,,,,0.47,,,4.83,,,,
,2007-09-24,,,,,,0.56,,,3.38,,,,
,2007-09-25,,,,,,3.66,,,32.51,,,,
,2007-09-26,,,,,,1.09,,,23.98,,,,
,2007-09-27,,,,,,1.25,,,26.07,,,,
,2007-09-28,,,,,,1.35,,,24.78,,,,
,2007-09-29,,,,,,2.20,,,28.81,,,,
,2007-09-30,,,,,,1.48,,,22.85,,,,
,2007-10-01,,,,,,0.96,,,24.62,,,,
,2007-10-02,,,,,,1.16,,,25.27,,,,
,2007-10-03,,,,,,1.04,,,25.91,,,,
,2007-10-04,,,,,,2.03,,,30.26,,,,
,2007-10-05,,,,,,2.09,,,27.52,,,,
,2007-10-06,,,,,,1.26,,,26.72,,,,
,2007-10-07,,,,,,2.60,,,42.33,,,,
,2007-10-08,,,,,,2.06,,,34.44,,,,
,2007-10-09,,,,,,3.31,,,37.34,,,,
,2007-10-10,,,,,,2.76,,,35.57,,,,
,2007-10-11,,,,,,1.82,,,25.11,,,,
,2007-10-12,,,,,,0.98,,,27.2,,,,
,2007-10-13,,,,,,1.58,,,3.22,,,,
,2007-10-14,,,,,,3.17,,,3.7,,,,
,2007-10-15,,,,,,1.18,,,2.74,,,,
,2007-10-16,,,,,,,,,32.03,,,,
,2007-10-17,,,,,,,,,28.32,,,,
,2007-10-18,,,,,,,,,29.77,,,,
,2007-10-19,,,,,,,,,29.13,,,,
,2007-10-20,,,,,,,,,25.75,,,,
,2007-10-21,,,,,,,,,25.43,,,,
,2007-10-22,,,,,,,,,4.51,,,,
,2007-10-23,,,,,,,,,3.06,,,,
,2007-10-24,,,,,,,,,36.85,,,,
,2007-10-25,,,,,,,,,36.37,,,,
,2007-10-26,,,,,,,,,,,,,
,2007-10-27,,,,,,,,,,,,,
,2007-10-28,,,,,,,,,,,,,
,2007-10-29,,,,,,,,,,,,,
,2007-10-30,,,,,,,,,,,,,
,2007-10-31,,,,,,,,,,,,,
,2008-05-01,,,,,,,,,,,,,
,2008-05-02,,,,,,,,,,,,,
,2008-05-03,,,,,,,,,,,,,
,2008-05-04,,,,,,,,,,,,,
,2008-05-05,,,,,,,,,,,,,
,2008-05-06,,,,,,,,,,,,,
,2008-05-07,,,,,,,,,,,,,
,2008-05-08,,,,,,,,,,,,,
,2008-05-09,,,,,,,,,,,,,
,2008-05-10,,,,,,,,,,,,,
,2008-05-11,,,,,,,,,,,,,
,2008-05-12,,,,,,,,,,,,,
,2008-05-13,,,,,,,,,,,,,
,2008-05-14,,,,,,,,,,,,,
,2008-05-15,,,,,,,,,,,,,
,2008-05-16,,,,,,,,,,,,,
,2008-05-17,,,,,,,,,,,,,
,2008-05-18,,,,,,,,,,,,,
,2008-05-19,,,,,,,,,,,,,
,2008-05-20,,,,,,,,,,,,,
,2008-05-21,,,,,,,,,,,,,
,2008-05-22,,,,,,,,,,,,,
,2008-05-23,,,,,,,,,,,,,
,2008-05-24,,,,,,,,,,,,,
,2008-05-25,,,,,,,,,,,,,
,2008-05-26,,,,,,,,,,,,,
,2008-05-27,,,,,,,,,,,,,
,2008-05-28,,,,,,,,,,,,,
,2008-05-29,,,,,,,,,,,,,
,2008-05-30,,,,,,,,,,,,,
,2008-05-31,,,,,,,,,,,,,
,2008-06-01,,,,,,,,,,,,,
,2008-06-02,,,,,,,,,,,,,
,2008-06-03,,,,,,,,,,,,,
,2008-06-04,,,,,,,,,,,,,
,2008-06-05,,,,,,,,,,,,,
,2008-06-06,,,,,,,,,,,,,
,2008-06-07,,,,,,,,,,,,,
,2008-06-08,,,,,,,,,,,,,
,2008-06-09,,,,,,,,,,,,,
,2008-06-10,,,,,,,,,,,,,
,2008-06-11,,,,,,,,,,,,,
,2008-06-12,,,,,,,,,,,,,
,2008-06-13,,,,,,,,,,,,,
,2008-06-14,,,,,,,,,,,,,
,2008-06-15,,,,,,,,,,,,,
,2008-06-16,,,,,,,,,,,,,
,2008-06-17,,,,,,,,,,,,,
,2008-06-18,,,,,,,,,,,,,
,2008-06-19,,,,,,,,,,,,,
,2008-06-20,,,,,,,,,,,,,
,2008-06-21,,,,,,,,,,,,,
,2008-06-22,,,,,,,,,,,,,
,2008-06-23,,,,,,,,,,,,,
,2008-06-24,,,,,,,,,,,,,
,2008-06-25,,,,,,,,,,,,,
,2008-06-26,,,,,,,,,,,,,
,2008-06-27,,,,,,,,,,,,,
,2008-06-28,,,,,,,,,,,,,
,2008-06-29,,,,,,,,,,,,,
,2008-06-30,,,,,,,,,,,,,
,2008-07-01,,,,,,,,,,,,,
,2008-07-02,,,,,,,,,,,,,
,2008-07-03,,,,,,,,,,,,,
,2008-07-04,,,,,,,,,,,,,
,2008-07-05,,,,,,,,,,,,,
,2008-07-06,,,,,,,,,,,,,
,2008-07-07,,,,,,,,,,,,,
,2008-07-08,,,,,,,,,,,,,
,2008-07-09,,,,,,,,,,,,,
,2008-07-10,,,,,,,,,,,,,
,2008-07-11,,,,,,,,,,,,,
,2008-07-12,,,,,,,,,,,,,
,2008-07-13,,,,,,,,,,,,,
,2008-07-14,,,,,,,,,,,,,
,2008-07-15,,,,,,,,,,,,,
,2008-07-16,,,,,,,,,,,,,
,2008-07-17,,,,,,,,,,,,,
,2008-07-18,,,,,,,,,,,,,
,2008-07-19,,,,,,,,,,,,,
,2008-07-20,,,,,,,,,,,,,
,2008-07-21,,,,,,,,,,,,,
,2008-07-22,,,,,,,,,,,,,
,2008-07-23,,,,,,,,,,,,,
,2008-07-24,,,,,,,,,,,,,
,2008-07-25,,,,,,,,,,,,,
,2008-07-26,,,,,,,,,,,,,
,2008-07-27,,,,,,,,,,,,,
,2008-07-28,,,,,,,,,,,,,
,2008-07-29,,,,,,,,,,,,,
,2008-07-30,,,,,,,,,,,,,
,2008-07-31,,,,,,,,,,,,,
,2008-08-01,,,,,,,,,,,,,
,2008-08-02,,,,,,,,,,,,,
,2008-08-03,,,,,,,,,,,,,
,2008-08-04,,,,,,,,,,,,,
,2008-08-05,,,,,,,,,,,,,
,2008-08-06,,,,,,,,,,,,,
,2008-08-07,,,,,,,,,,,,,
,2008-08-08,,,,,,,,,,,,,
,2008-08-09,,,,,,,,,,,,,
,2008-08-10,,,,,,,,,,,,,
,2008-08-11,,,,,,,,,,,,,
,2008-08-12,,,,,,,,,,,,,
,2008-08-13,,,,,,,,,,,,,
,2008-08-14,,,,,,,,,,,,,
,2008-08-15,,,,,,,,,,,,,
,2008-08-16,,,,,,,,,,,,,
,2008-08-17,,,,,,,,,,,,,
,2008-08-18,,,,,,,,,,,,,
,2008-08-19,,,,,,,,,,,,,
,2008-08-20,,,,,,,,,,,,,
,2008-08-21,,,,,,,,,,,,,
,2008-08-22,,,,,,,,,,,,,
,2008-08-23,,,,,,,,,,,,,
,2008-08-24,,,,,,,,,,,,,
,2008-08-25,,,,,,,,,,,,,
,2008-08-26,,,,,,,,,,,,,
,2008-08-27,,,,,,,,,,,,,
,2008-08-28,,,,,,,,,,,,,
,2008-08-29,,,,,,,,,,,,,
,2008-08-30,,,,,,,,,,,,,
,2008-08-31,,,,,,,,,,,,,
,2008-09-01,,,,,,,,,,,,,
,2008-09-02,,,,,,,,,,,,,
,2008-09-03,,,,,,,,,,,,,
,2008-09-04,,,,,,,,,,,,,
,2008-09-05,,,,,,,,,,,,,
,2008-09-06,,,,,,,,,,,,,
,2008-09-07,,,,,,,,,,,,,
,2008-09-08,,,,,,,,,,,,,
,2008-09-09,,,,,,,,,,,,,
,2008-09-10,,,,,,,,,,,,,
,2008-09-11,,,,,,,,,,,,,
,2008-09-12,,,,,,,,,,,,,
,2008-09-13,,,,,,,,,,,,,
,2008-09-14,,,,,,,,,,,,,
,2008-09-15,,,,,,,,,,,,,
,2008-09-16,,,,,,,,,,,,,
,2008-09-17,,,,,,,,,,,,,
,2008-09-18,,,,,,,,,,,,,
,2008-09-19,,,,,,,,,,,,,
,2008-09-20,,,,,,,,,,,,,
,2008-09-21,,,,,,,,,,,,,
,2008-09-22,,,,,,,,,,,,,
,2008-09-23,,,,,,,,,,,,,
,2008-09-24,,,,,,,,,,,,,
,2008-09-25,,,,,,,,,,,,,
,2008-09-26,,,,,,,,,,,,,
,2008-09-27,,,,,,,,,,,,,
,2008-09-28,,,,,,,,,,,,,
,2008-09-29,,,,,,,,,,,,,
,2008-09-30,,,,,,,,,,,,,
,2008-10-01,,,,,,,,,,,,,
,2008-10-02,,,,,,,,,,,,,
,2008-10-03,,,,,,,,,,,,,
,2008-10-04,,,,,,,,,,,,,
,2008-10-05,,,,,,,,,,,,,
,2008-10-06,,,,,,,,,,,,,
,2008-10-07,,,,,,,,,,,,,
,2008-10-08,,,,,,,,,,,,,
,2008-10-09,,,,,,,,,,,,,
,2008-10-10,,,,,,,,,,,,,
,2008-10-11,,,,,,,,,,,,,
,2008-10-12,,,,,,,,,,,,,
,2008-10-13,,,,,,,,,,,,,
,2008-10-14,,,,,,,,,,,,,
,2008-10-15,,,,,,,,,,,,,
,2008-10-16,,,,,,,,,,,,,
,2008-10-17,,,,,,,,,,,,,
,2008-10-18,,,,,,,,,,,,,
,2008-10-19,,,,,,,,,,,,,
,2008-10-20,,,,,,,,,,,,,
,2008-10-21,,,,,,,,,,,,,
,2008-10-22,,,,,,,,,,,,,
,2008-10-23,,,,,,,,,,,,,
,2008-10-24,,,,,,,,,,,,,
,2008-10-25,,,,,,,,,,,,,
,2008-10-26,,,,,,,,,,,,,
,2008-10-27,,,,,,,,,,,,,
,2008-10-28,,,,,,,,,,,,,
,2008-10-29,,,,,,,,,,,,,
,2008-10-30,,,,,,,,,,,,,
,2008-10-31,,,,,,,,,,,,,
,2009-05-01,,,,,,,,,,,,,
,2009-05-02,,,,,,,,,,,,,
,2009-05-03,,,,,,,,,,,,,
,2009-05-04,,,,,,,,,,,,,
,2009-05-05,,,,,,,,,,,,,
,2009-05-06,,,,,,,,,,,,,
,2009-05-07,,,,,,,,,,,,,
,2009-05-08,,,,,,,,,,,,,
,2009-05-09,,,,,,,,,,,,,
,2009-05-10,,,,,,,,,,,,,
,2009-05-11,,,,,,,,,,,,,
,2009-05-12,,,,,,,,,,,,,
,2009-05-13,,,,,,,,,,,,,
,2009-05-14,,,,,,,,,,,,,
,2009-05-15,,,,,,,,,,,,,
,2009-05-16,,,,,,,,,,,,,
,2009-05-17,,,,,,,,,,,,,
,2009-05-18,,,,,,,,,,,,,
,2009-05-19,,,,,,,,,,,,,
,2009-05-20,,,,,,,,,,,,,
,2009-05-21,,,,,,,,,,,,,
,2009-05-22,,,,,,,,,,,,,
,2009-05-23,,,,,,,,,,,,,
,2009-05-24,,,,,,,,,,,,,
,2009-05-25,,,,,,,,,,,,,
,2009-05-26,,,,,,,,,,,,,
,2009-05-27,,,,,,,,,,,,,
,2009-05-28,,,,,,,,,,,,,
,2009-05-29,,,,,,,,,,,,,
,2009-05-30,,,,,,,,,,,,,
,2009-05-31,,,,,,,,,,,,,
,2009-06-01,,,,,,,,,,,,,
,2009-06-02,,,,,,,,,,,,,
,2009-06-03,,,,,,,,,,,,,
,2009-06-04,,,,,,,,,,,,,
,2009-06-05,,,,,,,,,,,,,
,2009-06-06,,,,,,,,,,,,,
,2009-06-07,,,,,,,,,,,,,
,2009-06-08,,,,,,,,,,,,,
,2009-06-09,,,,,,,,,,,,,
,2009-06-10,,,,,,,,,,,,,
,2009-06-11,,,,,,,,,,,,,
,2009-06-12,,,,,,,,,,,,,
,2009-06-13,,,,,,,,,,,,,
,2009-06-14,,,,,,,,,,,,,
,2009-06-15,,,,,,,,,,,,,
,2009-06-16,,,,,,,,,,,,,
,2009-06-17,,,,,,,,,,,,,
,2009-06-18,,,,,,,,,,,,,
,2009-06-19,,,,,,,,,,,,,
,2009-06-20,,,,,,,,,,,,,
,2009-06-21,,,,,,,,,,,,,
,2009-06-22,,,,,,,,,,,,,
,2009-06-23,,,,,,,,,,,,,
,2009-06-24,,,,,,,,,,,,,
,2009-06-25,,,,,,,,,,,,,
,2009-06-26,,,,,,,,,,,,,
,2009-06-27,,,,,,,,,,,,,
,2009-06-28,,,,,,,,,,,,,
,2009-06-29,,,,,,,,,,,,,
,2009-06-30,,,,,,,,,,,,,
,2009-07-01,,,,,,,,,,,,,
,2009-07-02,,,,,,,,,,,,,
,2009-07-03,,,,,,,,,,,,,
,2009-07-04,,,,,,,,,,,,,
,2009-07-05,,,,,,,,,,,,,
,2009-07-06,,,,,,,,,,,,,
,2009-07-07,,,,,,,,,,,,,
,2009-07-08,,,,,,,,,,,,,
,2009-07-09,,,,,,,,,,,,,
,2009-07-10,,,,,,,,,,,,,
,2009-07-11,,,,,,,,,,,,,
,2009-07-12,,,,,,,,,,,,,
,2009-07-13,,,,,,,,,,,,,
,2009-07-14,,,,,,,,,,,,,
,2009-07-15,,,,,,,,,,,,,
,2009-07-16,,,,,,,,,,,,,
,2009-07-17,,,,,,,,,,,,,
,2009-07-18,,,,,,,,,,,,,
,2009-07-19,,,,,,,,,,,,,
,2009-07-20,,,,,,,,,,,,,
,2009-07-21,,,,,,,,,,,,,
,2009-07-22,,,,,,,,,,,,,
,2009-07-23,,,,,,,,,,,,,
,2009-07-24,,,,,,,,,,,,,
,2009-07-25,,,,,,,,,,,,,
,2009-07-26,,,,,,,,,,,,,
,2009-07-27,,,,,,,,,,,,,
,2009-07-28,,,,,,,,,,,,,
,2009-07-29,,,,,,,,,,,,,
,2009-07-30,,,,,,,,,,,,,
,2009-07-31,,,,,,,,,,,,,
,2009-08-01,,,,,,,,,,,,,
,2009-08-02,,,,,,,,,,,,,
,2009-08-03,,,,,,,,,,,,,
,2009-08-04,,,,,,,,,,,,,
,2009-08-05,,,,,,,,,,,,,
,2009-08-06,,,,,,,,,,,,,
,2009-08-07,,,,,,,,,,,,,
,2009-08-08,,,,,,,,,,,,,
,2009-08-09,,,,,,,,,,,,,
,2009-08-10,,,,,,,,,,,,,
,2009-08-11,,,,,,,,,,,,,
,2009-08-12,,,,,,,,,,,,,
,2009-08-13,,,,,,,,,,,,,
,2009-08-14,,,,,,,,,,,,,
,2009-08-15,,,,,,,,,,,,,
,2009-08-16,,,,,,,,,,,,,
,2009-08-17,,,,,,,,,,,,,
,2009-08-18,,,,,,,,,,,,,
,2009-08-19,,,,,,,,,,,,,
,2009-08-20,,,,,,,,,,,,,
,2009-08-21,,,,,,,,,,,,,
,2009-08-22,,,,,,,,,,,,,
,2009-08-23,,,,,,,,,,,,,
,2009-08-24,,,,,,,,,,,,,
,2009-08-25,,,,,,,,,,,,,
,2009-08-26,,,,,,,,,,,,,
,2009-08-27,,,,,,,,,,,,,
,2009-08-28,,,,,,,,,,,,,
,2009-08-29,,,,,,,,,,,,,
,2009-08-30,,,,,,,,,,,,,
,2009-08-31,,,,,,,,,,,,,
,2009-09-01,,,,,,,,,,,,,
,2009-09-02,,,,,,,,,,,,,
,2009-09-03,,,,,,,,,,,,,
,2009-09-04,,,,,,,,,,,,,
,2009-09-05,,,,,,,,,,,,,
,2009-09-06,,,,,,,,,,,,,
,2009-09-07,,,,,,,,,,,,,
,2009-09-08,,,,,,,,,,,,,
,2009-09-09,,,,,,,,,,,,,
,2009-09-10,,,,,,,,,,,,,
,2009-09-11,,,,,,,,,,,,,
,2009-09-12,,,,,,,,,,,,,
,2009-09-13,,,,,,,,,,,,,
,2009-09-14,,,,,,,,,,,,,
,2009-09-15,,,,,,,,,,,,,
,2009-09-16,,,,,,,,,,,,,
,2009-09-17,,,,,,,,,,,,,
,2009-09-18,,,,,,,,,,,,,
,2009-09-19,,,,,,,,,,,,,
,2009-09-20,,,,,,,,,,,,,
,2009-09-21,,,,,,,,,,,,,
,2009-09-22,,,,,,,,,,,,,
,2009-09-23,,,,,,,,,,,,,
,2009-09-24,,,,,,,,,,,,,
,2009-09-25,,,,,,,,,,,,,
,2009-09-26,,,,,,,,,,,,,
,2009-09-27,,,,,,,,,,,,,
,2009-09-28,,,,,,,,,,,,,
,2009-09-29,,,,,,,,,,,,,
,2009-09-30,,,,,,,,,,,,,
,2009-10-01,,,,,,,,,,,,,
,2009-10-02,,,,,,,,,,,,,
,2009-10-03,,,,,,,,,,,,,
,2009-10-04,,,,,,,,,,,,,
,2009-10-05,,,,,,,,,,,,,
,2009-10-06,,,,,,,,,,,,,
,2009-10-07,,,,,,,,,,,,,
,2009-10-08,,,,,,,,,,,,,
,2009-10-09,,,,,,,,,,,,,
,2009-10-10,,,,,,,,,,,,,
,2009-10-11,,,,,,,,,,,,,
,2009-10-12,,,,,,,,,,,,,
,2009-10-13,,,,,,,,,,,,,
,2009-10-14,,,,,,,,,,,,,
,2009-10-15,,,,,,,,,,,,,
,2009-10-16,,,,,,,,,,,,,
,2009-10-17,,,,,,,,,,,,,
,2009-10-18,,,,,,,,,,,,,
,2009-10-19,,,,,,,,,,,,,
,2009-10-20,,,,,,,,,,,,,
,2009-10-21,,,,,,,,,,,,,
,2009-10-22,,,,,,,,,,,,,
,2009-10-23,,,,,,,,,,,,,
,2009-10-24,,,,,,,,,,,,,
,2009-10-25,,,,,,,,,,,,,
,2009-10-26,,,,,,,,,,,,,
,2009-10-27,,,,,,,,,,,,,
,2009-10-28,,,,,,,,,,,,,
,2009-10-29,,,,,,,,,,,,,
,2009-10-30,,,,,,,,,,,,,
,2009-10-31,,,,,,,,,,,,,
,2010-05-01,,,,,,,,,,,,,
,2010-05-02,,,,,,,,,,,,,
,2010-05-03,,,,,,,,,,,,,
,2010-05-04,,,,,,,,,,,,,
,2010-05-05,,,,,,,,,,,,,
,2010-05-06,,,,,,,,,,,,,
,2010-05-07,,,,,,,,,,,,,
,2010-05-08,,,,,,,,,,,,,
,2010-05-09,,,,,,,,,,,,,
,2010-05-10,,,,,,,,,,,,,
,2010-05-11,,,,,,,,,,,,,
,2010-05-12,,,,,,,,,,,,,
,2010-05-13,,,,,,,,,,,,,
,2010-05-14,,,,,,,,,,,,,
,2010-05-15,,,,,,,,,,,,,
,2010-05-16,,,,,,,,,,,,,
,2010-05-17,,,,,,,,,,,,,
,2010-05-18,,,,,,,,,,,,,
,2010-05-19,,,,,,,,,,,,,
,2010-05-20,,,,,,,,,,,,,
,2010-05-21,,,,,,,,,,,,,
,2010-05-22,,,,,,,,,,,,,
,2010-05-23,,,,,,,,,,,,,
,2010-05-24,,,,,,,,,,,,,
,2010-05-25,,,,,,,,,,,,,
,2010-05-26,,,,,,,,,,,,,
,2010-05-27,,,,,,,,,,,,,
,2010-05-28,,,,,,,,,,,,,
,2010-05-29,,,,,,,,,,,,,
,2010-05-30,,,,,,,,,,,,,
,2010-05-31,,,,,,,,,,,,,
,2010-06-01,,,,,,,,,,,,,
,2010-06-02,,,,,,,,,,,,,
,2010-06-03,,,,,,,,,,,,,
,2010-06-04,,,,,,,,,,,,,
,2010-06-05,,,,,,,,,,,,,
,2010-06-06,,,,,,,,,,,,,
,2010-06-07,,,,,,,,,,,,,
,2010-06-08,,,,,,,,,,,,,
,2010-06-09,,,,,,,,,,,,,
,2010-06-10,,,,,,,,,,,,,
,2010-06-11,,,,,,,,,,,,,
,2010-06-12,,,,,,,,,,,,,
,2010-06-13,,,,,,,,,,,,,
,2010-06-14,,,,,,,,,,,,,
,2010-06-15,,,,,,,,,,,,,
,2010-06-16,,,,,,,,,,,,,
,2010-06-17,,,,,,,,,,,,,
,2010-06-18,,,,,,,,,,,,,
,2010-06-19,,,,,,,,,,,,,
,2010-06-20,,,,,,,,,,,,,
,2010-06-21,,,,,,,,,,,,,
,2010-06-22,,,,,,,,,,,,,
,2010-06-23,,,,,,,,,,,,,
,2010-06-24,,,,,,,,,,,,,
,2010-06-25,,,,,,,,,,,,,
,2010-06-26,,,,,,,,,,,,,
,2010-06-27,,,,,,,,,,,,,
,2010-06-28,,,,,,,,,,,,,
,2010-06-29,,,,,,,,,,,,,
,2010-06-30,,,,,,,,,,,,,
,2010-07-01,,,,,,,,,,,,,
,2010-07-02,,,,,,,,,,,,,
,2010-07-03,,,,,,,,,,,,,
,2010-07-04,,,,,,,,,,,,,
,2010-07-05,,,,,,,,,,,,,
,2010-07-06,,,,,,,,,,,,,
,2010-07-07,,,,,,,,,,,,,
,2010-07-08,,,,,,,,,,,,,
,2010-07-09,,,,,,,,,,,,,
,2010-07-10,,,,,,,,,,,,,
,2010-07-11,,,,,,,,,,,,,
,2010-07-12,,,,,,,,,,,,,
,2010-07-13,,,,,,,,,,,,,
,2010-07-14,,,,,,,,,,,,,
,2010-07-15,,,,,,,,,,,,,
,2010-07-16,,,,,,,,,,,,,
,2010-07-17,,,,,,,,,,,,,
,2010-07-18,,,,,,,,,,,,,
,2010-07-19,,,,,,,,,,,,,
,2010-07-20,,,,,,,,,,,,,
,2010-07-21,,,,,,,,,,,,,
,2010-07-22,,,,,,,,,,,,,
,2010-07-23,,,,,,,,,,,,,
,2010-07-24,,,,,,,,,,,,,
,2010-07-25,,,,,,,,,,,,,
,2010-07-26,,,,,,,,,,,,,
,2010-07-27,,,,,,,,,,,,,
,2010-07-28,,,,,,,,,,,,,
,2010-07-29,,,,,,,,,,,,,
,2010-07-30,,,,,,,,,,,,,
,2010-07-31,,,,,,,,,,,,,
,2010-08-01,,,,,,,,,,,,,
,2010-08-02,,,,,,,,,,,,,
,2010-08-03,,,,,,,,,,,,,
,2010-08-04,,,,,,,,,,,,,
,2010-08-05,,,,,,,,,,,,,
,2010-08-06,,,,,,,,,,,,,
,2010-08-07,,,,,,,,,,,,,
,2010-08-08,,,,,,,,,,,,,
,2010-08-09,,,,,,,,,,,,,
,2010-08-10,,,,,,,,,,,,,
,2010-08-11,,,,,,,,,,,,,
,2010-08-12,,,,,,,,,,,,,
,2010-08-13,,,,,,,,,,,,,
,2010-08-14,,,,,,,,,,,,,
,2010-08-15,,,,,,,,,,,,,
,2010-08-16,,,,,,,,,,,,,
,2010-08-17,,,,,,,,,,,,,
,2010-08-18,,,,,,,,,,,,,
,2010-08-19,,,,,,,,,,,,,
,2010-08-20,,,,,,,,,,,,,
,2010-08-21,,,,,,,,,,,,,
,2010-08-22,,,,,,,,,,,,,
,2010-08-23,,,,,,,,,,,,,
,2010-08-24,,,,,,,,,,,,,
,2010-08-25,,,,,,,,,,,,,
,2010-08-26,,,,,,,,,,,,,
,2010-08-27,,,,,,,,,,,,,
,2010-08-28,,,,,,,,,,,,,
,2010-08-29,,,,,,,,,,,,,
,2010-08-30,,,,,,,,,,,,,
,2010-08-31,,,,,,,,,,,,,
,2010-09-01,,,,,,,,,,,,,
,2010-09-02,,,,,,,,,,,,,
,2010-09-03,,,,,,,,,,,,,
,2010-09-04,,,,,,,,,,,,,
,2010-09-05,,,,,,,,,,,,,
,2010-09-06,,,,,,,,,,,,,
,2010-09-07,,,,,,,,,,,,,
,2010-09-08,,,,,,,,,,,,,
,2010-09-09,,,,,,,,,,,,,
,2010-09-10,,,,,,,,,,,,,
,2010-09-11,,,,,,,,,,,,,
,2010-09-12,,,,,,,,,,,,,
,2010-09-13,,,,,,,,,,,,,
,2010-09-14,,,,,,,,,,,,,
,2010-09-15,,,,,,,,,,,,,
,2010-09-16,,,,,,,,,,,,,
,2010-09-17,,,,,,,,,,,,,
,2010-09-18,,,,,,,,,,,,,
,2010-09-19,,,,,,,,,,,,,
,2010-09-20,,,,,,,,,,,,,
,2010-09-21,,,,,,,,,,,,,
,2010-09-22,,,,,,,,,,,,,
,2010-09-23,,,,,,,,,,,,,
,2010-09-24,,,,,,,,,,,,,
,2010-09-25,,,,,,,,,,,,,
,2010-09-26,,,,,,,,,,,,,
,2010-09-27,,,,,,,,,,,,,
,2010-09-28,,,,,,,,,,,,,
,2010-09-29,,,,,,,,,,,,,
,2010-09-30,,,,,,,,,,,,,
,2010-10-01,,,,,,,,,,,,,
,2010-10-02,,,,,,,,,,,,,
,2010-10-03,,,,,,,,,,,,,
,2010-10-04,,,,,,,,,,,,,
,2010-10-05,,,,,,,,,,,,,
,2010-10-06,,,,,,,,,,,,,
,2010-10-07,,,,,,,,,,,,,
,2010-10-08,,,,,,,,,,,,,
,2010-10-09,,,,,,,,,,,,,
,2010-10-10,,,,,,,,,,,,,
,2010-10-11,,,,,,,,,,,,,
,2010-10-12,,,,,,,,,,,,,
,2010-10-13,,,,,,,,,,,,,
,2010-10-14,,,,,,,,,,,,,
,2010-10-15,,,,,,,,,,,,,
,2010-10-16,,,,,,,,,,,,,
,2010-10-17,,,,,,,,,,,,,
,2010-10-18,,,,,,,,,,,,,
,2010-10-19,,,,,,,,,,,,,
,2010-10-20,,,,,,,,,,,,,
,2010-10-21,,,,,,,,,,,,,
,2010-10-22,,,,,,,,,,,,,
,2010-10-23,,,,,,,,,,,,,
,2010-10-24,,,,,,,,,,,,,
,2010-10-25,,,,,,,,,,,,,
,2010-10-26,,,,,,,,,,,,,
,2010-10-27,,,,,,,,,,,,,
,2010-10-28,,,,,,,,,,,,,
,2010-10-29,,,,,,,,,,,,,
,2010-10-30,,,,,,,,,,,,,
,2010-10-31,,,,,,,,,,,,,
,2011-05-01,,,,,,,,,,,,,
,2011-05-02,,,,,,,,,,,,,
,2011-05-03,,,,,,,,,,,,,
,2011-05-04,,,,,,,,,,,,,
,2011-05-05,,,,,,,,,,,,,
,2011-05-06,,,,,,,,,,,,,
,2011-05-07,,,,,,,,,,,,,
,2011-05-08,,,,,,,,,,,,,
,2011-05-09,,,,,,,,,,,,,
,2011-05-10,,,,,,,,,,,,,
,2011-05-11,,,,,,,,,,,,,
,2011-05-12,,,,,,,,,,,,,
,2011-05-13,,,,,,,,,,,,,
,2011-05-14,,,,,,,,,,,,,
,2011-05-15,,,,,,,,,,,,,
,2011-05-16,,,,,,,,,,,,,
,2011-05-17,,,,,,,,,,,,,
,2011-05-18,,,,,,,,,,,,,
,2011-05-19,,,,,,,,,,,,,
,2011-05-20,,,,,,,,,,,,,
,2011-05-21,,,,,,,,,,,,,
,2011-05-22,,,,,,,,,,,,,
,2011-05-23,,,,,,,,,,,,,
,2011-05-24,,,,,,,,,,,,,
,2011-05-25,,,,,,,,,,,,,
,2011-05-26,,,,,,,,,,,,,
,2011-05-27,,,,,,,,,,,,,
,2011-05-28,,,,,,,,,,,,,
,2011-05-29,,,,,,,,,,,,,
,2011-05-30,,,,,,,,,,,,,
,2011-05-31,,,,,,,,,,,,,
,2011-06-01,,,,,,,,,,,,,
,2011-06-02,,,,,,,,,,,,,
,2011-06-03,,,,,,,,,,,,,
,2011-06-04,,,,,,,,,,,,,
,2011-06-05,,,,,,,,,,,,,
,2011-06-06,,,,,,,,,,,,,
,2011-06-07,,,,,,,,,,,,,
,2011-06-08,,,,,,,,,,,,,
,2011-06-09,,,,,,,,,,,,,
,2011-06-10,,,,,,,,,,,,,
,2011-06-11,,,,,,,,,,,,,
,2011-06-12,,,,,,,,,,,,,
,2011-06-13,,,,,,,,,,,,,
,2011-06-14,,,,,,,,,,,,,
,2011-06-15,,,,,,,,,,,,,
,2011-06-16,,,,,,,,,,,,,
,2011-06-17,,,,,,,,,,,,,
,2011-06-18,,,,,,,,,,,,,
,2011-06-19,,,,,,,,,,,,,
,2011-06-20,,,,,,,,,,,,,
,2011-06-21,,,,,,,,,,,,,
,2011-06-22,,,,,,,,,,,,,
,2011-06-23,,,,,,,,,,,,,
,2011-06-24,,,,,,,,,,,,,
,2011-06-25,,,,,,,,,,,,,
,2011-06-26,,,,,,,,,,,,,
,2011-06-27,,,,,,,,,,,,,
,2011-06-28,,,,,,,,,,,,,
,2011-06-29,,,,,,,,,,,,,
,2011-06-30,,,,,,,,,,,,,
,2011-07-01,,,,,,,,,,,,,
,2011-07-02,,,,,,,,,,,,,
,2011-07-03,,,,,,,,,,,,,
,2011-07-04,,,,,,,,,,,,,
,2011-07-05,,,,,,,,,,,,,
,2011-07-06,,,,,,,,,,,,,
,2011-07-07,,,,,,,,,,,,,
,2011-07-08,,,,,,,,,,,,,
,2011-07-09,,,,,,,,,,,,,
,2011-07-10,,,,,,,,,,,,,
,2011-07-11,,,,,,,,,,,,,
,2011-07-12,,,,,,,,,,,,,
,2011-07-13,,,,,,,,,,,,,
,2011-07-14,,,,,,,,,,,,,
,2011-07-15,,,,,,,,,,,,,
,2011-07-16,,,,,,,,,,,,,
,2011-07-17,,,,,,,,,,,,,
,2011-07-18,,,,,,,,,,,,,
,2011-07-19,,,,,,,,,,,,,
,2011-07-20,,,,,,,,,,,,,
,2011-07-21,,,,,,,,,,,,,
,2011-07-22,,,,,,,,,,,,,
,2011-07-23,,,,,,,,,,,,,
,2011-07-24,,,,,,,,,,,,,
,2011-07-25,,,,,,,,,,,,,
,2011-07-26,,,,,,,,,,,,,
,2011-07-27,,,,,,,,,,,,,
,2011-07-28,,,,,,,,,,,,,
,2011-07-29,,,,,,,,,,,,,
,2011-07-30,,,,,,,,,,,,,
,2011-07-31,,,,,,,,,,,,,
,2011-08-01,,,,,,,,,,,,,
,2011-08-02,,,,,,,,,,,,,
,2011-08-03,,,,,,,,,,,,,
,2011-08-04,,,,,,,,,,,,,
,2011-08-05,,,,,,,,,,,,,
,2011-08-06,,,,,,,,,,,,,
,2011-08-07,,,,,,,,,,,,,
,2011-08-08,,,,,,,,,,,,,
,2011-08-09,,,,,,,,,,,,,
,2011-08-10,,,,,,,,,,,,,
,2011-08-11,,,,,,,,,,,,,
,2011-08-12,,,,,,,,,,,,,
,2011-08-13,,,,,,,,,,,,,
,2011-08-14,,,,,,,,,,,,,
,2011-08-15,,,,,,,,,,,,,
,2011-08-16,,,,,,,,,,,,,
,2011-08-17,,,,,,,,,,,,,
,2011-08-18,,,,,,,,,,,,,
,2011-08-19,,,,,,,,,,,,,
,2011-08-20,,,,,,,,,,,,,
,2011-08-21,,,,,,,,,,,,,
,2011-08-22,,,,,,,,,,,,,
,2011-08-23,,,,,,,,,,,,,
,2011-08-24,,,,,,,,,,,,,
,2011-08-25,,,,,,,,,,,,,
,2011-08-26,,,,,,,,,,,,,
,2011-08-27,,,,,,,,,,,,,
,2011-08-28,,,,,,,,,,,,,
,2011-08-29,,,,,,,,,,,,,
,2011-08-30,,,,,,,,,,,,,
,2011-08-31,,,,,,,,,,,,,
,2011-09-01,,,,,,,,,,,,,
,2011-09-02,,,,,,,,,,,,,
,2011-09-03,,,,,,,,,,,,,
,2011-09-04,,,,,,,,,,,,,
,2011-09-05,,,,,,,,,,,,,
,2011-09-06,,,,,,,,,,,,,
,2011-09-07,,,,,,,,,,,,,
,2011-09-08,,,,,,,,,,,,,
,2011-09-09,,,,,,,,,,,,,
,2011-09-10,,,,,,,,,,,,,
,2011-09-11,,,,,,,,,,,,,
,2011-09-12,,,,,,,,,,,,,
,2011-09-13,,,,,,,,,,,,,
,2011-09-14,,,,,,,,,,,,,
,2011-09-15,,,,,,,,,,,,,
,2011-09-16,,,,,,,,,,,,,
,2011-09-17,,,,,,,,,,,,,
,2011-09-18,,,,,,,,,,,,,
,2011-09-19,,,,,,,,,,,,,
,2011-09-20,,,,,,,,,,,,,
,2011-09-21,,,,,,,,,,,,,
,2011-09-22,,,,,,,,,,,,,
,2011-09-23,,,,,,,,,,,,,
,2011-09-24,,,,,,,,,,,,,
,2011-09-25,,,,,,,,,,,,,
,2011-09-26,,,,,,,,,,,,,
,2011-09-27,,,,,,,,,,,,,
,2011-09-28,,,,,,,,,,,,,
,2011-09-29,,,,,,,,,,,,,
,2011-09-30,,,,,,,,,,,,,
,2011-10-01,,,,,,,,,,,,,
,2011-10-02,,,,,,,,,,,,,
,2011-10-03,,,,,,,,,,,,,
,2011-10-04,,,,,,,,,,,,,
,2011-10-05,,,,,,,,,,,,,
,2011-10-06,,,,,,,,,,,,,
,2011-10-07,,,,,,,,,,,,,
,2011-10-08,,,,,,,,,,,,,
,2011-10-09,,,,,,,,,,,,,
,2011-10-10,,,,,,,,,,,,,
,2011-10-11,,,,,,,,,,,,,
,2011-10-12,,,,,,,,,,,,,
,2011-10-13,,,,,,,,,,,,,
,2011-10-14,,,,,,,,,,,,,
,2011-10-15,,,,,,,,,,,,,
,2011-10-16,,,,,,,,,,,,,
,2011-10-17,,,,,,,,,,,,,
,2011-10-18,,,,,,,,,,,,,
,2011-10-19,,,,,,,,,,,,,
,2011-10-20,,,,,,,,,,,,,
,2011-10-21,,,,,,,,,,,,,
,2011-10-22,,,,,,,,,,,,,
,2011-10-23,,,,,,,,,,,,,
,2011-10-24,,,,,,,,,,,,,
,2011-10-25,,,,,,,,,,,,,
,2011-10-26,,,,,,,,,,,,,
,2011-10-27,,,,,,,,,,,,,
,2011-10-28,,,,,,,,,,,,,
,2011-10-29,,,,,,,,,,,,,
,2011-10-30,,,,,,,,,,,,,
,2011-10-31,,,,,,,,,,,,,
,2012-05-01,,,,,,,,,,,,,
,2012-05-02,,,,,,,,,,,,,
,2012-05-03,,,,,,,,,,,,,
,2012-05-04,,,,,,,,,,,,,
,2012-05-05,,,,,,,,,,,,,
,2012-05-06,,,,,,,,,,,,,
,2012-05-07,,,,,,,,,,,,,
,2012-05-08,,,,,,,,,,,,,
,2012-05-09,,,,,,,,,,,,,
,2012-05-10,,,,,,,,,,,,,
,2012-05-11,,,,,,,,,,,,,
,2012-05-12,,,,,,,,,,,,,
,2012-05-13,,,,,,,,,,,,,
,2012-05-14,,,,,,,,,,,,,
,2012-05-15,,,,,,,,,,,,,
,2012-05-16,,,,,,,,,,,,,
,2012-05-17,,,,,,,,,,,,,
,2012-05-18,,,,,,,,,,,,,
,2012-05-19,,,,,,,,,,,,,
,2012-05-20,,,,,,,,,,,,,
,2012-05-21,,,,,,,,,,,,,
,2012-05-22,,,,,,,,,,,,,
,2012-05-23,,,,,,,,,,,,,
,2012-05-24,,,,,,,,,,,,,
,2012-05-25,,,,,,,,,,,,,
,2012-05-26,,,,,,,,,,,,,
,2012-05-27,,,,,,,,,,,,,
,2012-05-28,,,,,,,,,,,,,
,2012-05-29,,,,,,,,,,,,,
,2012-05-30,,,,,,,,,,,,,
,2012-05-31,,,,,,,,,,,,,
,2012-06-01,,,,,,,,,,,,,
,2012-06-02,,,,,,,,,,,,,
,2012-06-03,,,,,,,,,,,,,
,2012-06-04,,,,,,,,,,,,,
,2012-06-05,,,,,,,,,,,,,
,2012-06-06,,,,,,,,,,,,,
,2012-06-07,,,,,,,,,,,,,
,2012-06-08,,,,,,,,,,,,,
,2012-06-09,,,,,,,,,,,,,
,2012-06-10,,,,,,,,,,,,,
,2012-06-11,,,,,,,,,,,,,
,2012-06-12,,,,,,,,,,,,,
,2012-06-13,,,,,,,,,,,,,
,2012-06-14,,,,,,,,,,,,,
,2012-06-15,,,,,,,,,,,,,
,2012-06-16,,,,,,,,,,,,,
,2012-06-17,,,,,,,,,,,,,
,2012-06-18,,,,,,,,,,,,,
,2012-06-19,,,,,,,,,,,,,
,2012-06-20,,,,,,,,,,,,,
,2012-06-21,,,,,,,,,,,,,
,2012-06-22,,,,,,,,,,,,,
,2012-06-23,,,,,,,,,,,,,
,2012-06-24,,,,,,,,,,,,,
,2012-06-25,,,,,,,,,,,,,
,2012-06-26,,,,,,,,,,,,,
,2012-06-27,,,,,,,,,,,,,
,2012-06-28,,,,,,,,,,,,,
,2012-06-29,,,,,,,,,,,,,
,2012-06-30,,,,,,,,,,,,,
,2012-07-01,,,,,,,,,,,,,
,2012-07-02,,,,,,,,,,,,,
,2012-07-03,,,,,,,,,,,,,
,2012-07-04,,,,,,,,,,,,,
,2012-07-05,,,,,,,,,,,,,
,2012-07-06,,,,,,,,,,,,,
,2012-07-07,,,,,,,,,,,,,
,2012-07-08,,,,,,,,,,,,,
,2012-07-09,,,,,,,,,,,,,
,2012-07-10,,,,,,,,,,,,,
,2012-07-11,,,,,,,,,,,,,
,2012-07-12,,,,,,,,,,,,,
,2012-07-13,,,,,,,,,,,,,
,2012-07-14,,,,,,,,,,,,,
,2012-07-15,,,,,,,,,,,,,
,2012-07-16,,,,,,,,,,,,,
,2012-07-17,,,,,,,,,,,,,
,2012-07-18,,,,,,,,,,,,,
,2012-07-19,,,,,,,,,,,,,
,2012-07-20,,,,,,,,,,,,,
,2012-07-21,,,,,,,,,,,,,
,2012-07-22,,,,,,,,,,,,,
,2012-07-23,,,,,,,,,,,,,
,2012-07-24,,,,,,,,,,,,,
,2012-07-25,,,,,,,,,,,,,
,2012-07-26,,,,,,,,,,,,,
,2012-07-27,,,,,,,,,,,,,
,2012-07-28,,,,,,,,,,,,,
,2012-07-29,,,,,,,,,,,,,
,2012-07-30,,,,,,,,,,,,,
,2012-07-31,,,,,,,,,,,,,
,2012-08-01,,,,,,,,,,,,,
,2012-08-02,,,,,,,,,,,,,
,2012-08-03,,,,,,,,,,,,,
,2012-08-04,,,,,,,,,,,,,
,2012-08-05,,,,,,,,,,,,,
,2012-08-06,,,,,,,,,,,,,
,2012-08-07,,,,,,,,,,,,,
,2012-08-08,,,,,,,,,,,,,
,2012-08-09,,,,,,,,,,,,,
,2012-08-10,,,,,,,,,,,,,
,2012-08-11,,,,,,,,,,,,,
,2012-08-12,,,,,,,,,,,,,
,2012-08-13,,,,,,,,,,,,,
,2012-08-14,,,,,,,,,,,,,
,2012-08-15,,,,,,,,,,,,,
,2012-08-16,,,,,,,,,,,,,
,2012-08-17,,,,,,,,,,,,,
,2012-08-18,,,,,,,,,,,,,
,2012-08-19,,,,,,,,,,,,,
,2012-08-20,,,,,,,,,,,,,
,2012-08-21,,,,,,,,,,,,,
,2012-08-22,,,,,,,,,,,,,
,2012-08-23,,,,,,,,,,,,,
,2012-08-24,,,,,,,,,,,,,
,2012-08-25,,,,,,,,,,,,,
,2012-08-26,,,,,,,,,,,,,
,2012-08-27,,,,,,,,,,,,,
,2012-08-28,,,,,,,,,,,,,
,2012-08-29,,,,,,,,,,,,,
,2012-08-30,,,,,,,,,,,,,
,2012-08-31,,,,,,,,,,,,,
,2012-09-01,,,,,,,,,,,,,
,2012-09-02,,,,,,,,,,,,,
,2012-09-03,,,,,,,,,,,,,
,2012-09-04,,,,,,,,,,,,,
,2012-09-05,,,,,,,,,,,,,
,2012-09-06,,,,,,,,,,,,,
,2012-09-07,,,,,,,,,,,,,
,2012-09-08,,,,,,,,,,,,,
,2012-09-09,,,,,,,,,,,,,
,2012-09-10,,,,,,,,,,,,,
,2012-09-11,,,,,,,,,,,,,
,2012-09-12,,,,,,,,,,,,,
,2012-09-13,,,,,,,,,,,,,
,2012-09-14,,,,,,,,,,,,,
,2012-09-15,,,,,,,,,,,,,
,2012-09-16,,,,,,,,,,,,,
,2012-09-17,,,,,,,,,,,,,
,2012-09-18,,,,,,,,,,,,,
,2012-09-19,,,,,,,,,,,,,
,2012-09-20,,,,,,,,,,,,,
,2012-09-21,,,,,,,,,,,,,
,2012-09-22,,,,,,,,,,,,,
,2012-09-23,,,,,,,,,,,,,
,2012-09-24,,,,,,,,,,,,,
,2012-09-25,,,,,,,,,,,,,
,2012-09-26,,,,,,,,,,,,,
,2012-09-27,,,,,,,,,,,,,
,2012-09-28,,,,,,,,,,,,,
,2012-09-29,,,,,,,,,,,,,
,2012-09-30,,,,,,,,,,,,,
,2012-10-01,,,,,,,,,,,,,
,2012-10-02,,,,,,,,,,,,,
,2012-10-03,,,,,,,,,,,,,
,2012-10-04,,,,,,,,,,,,,
,2012-10-05,,,,,,,,,,,,,
,2012-10-06,,,,,,,,,,,,,
,2012-10-07,,,,,,,,,,,,,
,2012-10-08,,,,,,,,,,,,,
,2012-10-09,,,,,,,,,,,,,
,2012-10-10,,,,,,,,,,,,,
,2012-10-11,,,,,,,,,,,,,
,2012-10-12,,,,,,,,,,,,,
,2012-10-13,,,,,,,,,,,,,
,2012-10-14,,,,,,,,,,,,,
,2012-10-15,,,,,,,,,,,,,
,2012-10-16,,,,,,,,,,,,,
,2012-10-17,,,,,,,,,,,,,
,2012-10-18,,,,,,,,,,,,,
,2012-10-19,,,,,,,,,,,,,
,2012-10-20,,,,,,,,,,,,,
,2012-10-21,,,,,,,,,,,,,
,2012-10-22,,,,,,,,,,,,,
,2012-10-23,,,,,,,,,,,,,
,2012-10-24,,,,,,,,,,,,,
,2012-10-25,,,,,,,,,,,,,
,2012-10-26,,,,,,,,,,,,,
,2012-10-27,,,,,,,,,,,,,
,2012-10-28,,,,,,,,,,,,,
,2012-10-29,,,,,,,,,,,,,
,2012-10-30,,,,,,,,,,,,,
,2012-10-31,,,,,,,,,,,,,
,2013-05-01,,,,,,,,,,,,,
,2013-05-02,,,,,,,,,,,,,
,2013-05-03,,,,,,,,,,,,,
,2013-05-04,,,,,,,,,,,,,
,2013-05-05,,,,,,,,,,,,,
,2013-05-06,,,,,,,,,,,,,
,2013-05-07,,,,,,,,,,,,,
,2013-05-08,,,,,,,,,,,,,
,2013-05-09,,,,,,,,,,,,,
,2013-05-10,,,,,,,,,,,,,
,2013-05-11,,,,,,,,,,,,,
,2013-05-12,,,,,,,,,,,,,
,2013-05-13,,,,,,,,,,,,,
,2013-05-14,,,,,,,,,,,,,
,2013-05-15,,,,,,,,,,,,,
,2013-05-16,,,,,,,,,,,,,
,2013-05-17,,,,,,,,,,,,,
,2013-05-18,,,,,,,,,,,,,
,2013-05-19,,,,,,,,,,,,,
,2013-05-20,,,,,,,,,,,,,
,2013-05-21,,,,,,,,,,,,,
,2013-05-22,,,,,,,,,,,,,
,2013-05-23,,,,,,,,,,,,,
,2013-05-24,,,,,,,,,,,,,
,2013-05-25,,,,,,,,,,,,,
,2013-05-26,,,,,,,,,,,,,
,2013-05-27,,,,,,,,,,,,,
,2013-05-28,,,,,,,,,,,,,
,2013-05-29,,,,,,,,,,,,,
,2013-05-30,,,,,,,,,,,,,
,2013-05-31,,,,,,,,,,,,,
,2013-06-01,,,,,,,,,,,,,
,2013-06-02,,,,,,,,,,,,,
,2013-06-03,,,,,,,,,,,,,
,2013-06-04,,,,,,,,,,,,,
,2013-06-05,,,,,,,,,,,,,
,2013-06-06,,,,,,,,,,,,,
,2013-06-07,,,,,,,,,,,,,
,2013-06-08,,,,,,,,,,,,,
,2013-06-09,,,,,,,,,,,,,
,2013-06-10,,,,,,,,,,,,,
,2013-06-11,,,,,,,,,,,,,
,2013-06-12,,,,,,,,,,,,,
,2013-06-13,,,,,,,,,,,,,
,2013-06-14,,,,,,,,,,,,,
,2013-06-15,,,,,,,,,,,,,
,2013-06-16,,,,,,,,,,,,,
,2013-06-17,,,,,,,,,,,,,
,2013-06-18,,,,,,,,,,,,,
,2013-06-19,,,,,,,,,,,,,
,2013-06-20,,,,,,,,,,,,,
,2013-06-21,,,,,,,,,,,,,
,2013-06-22,,,,,,,,,,,,,
,2013-06-23,,,,,,,,,,,,,
,2013-06-24,,,,,,,,,,,,,
,2013-06-25,,,,,,,,,,,,,
,2013-06-26,,,,,,,,,,,,,
,2013-06-27,,,,,,,,,,,,,
,2013-06-28,,,,,,,,,,,,,
,2013-06-29,,,,,,,,,,,,,
,2013-06-30,,,,,,,,,,,,,
,2013-07-01,,,,,,,,,,,,,
,2013-07-02,,,,,,,,,,,,,
,2013-07-03,,,,,,,,,,,,,
,2013-07-04,,,,,,,,,,,,,
,2013-07-05,,,,,,,,,,,,,
,2013-07-06,,,,,,,,,,,,,
,2013-07-07,,,,,,,,,,,,,
,2013-07-08,,,,,,,,,,,,,
,2013-07-09,,,,,,,,,,,,,
,2013-07-10,,,,,,,,,,,,,
,2013-07-11,,,,,,,,,,,,,
,2013-07-12,,,,,,,,,,,,,
,2013-07-13,,,,,,,,,,,,,
,2013-07-14,,,,,,,,,,,,,
,2013-07-15,,,,,,,,,,,,,
,2013-07-16,,,,,,,,,,,,,
,2013-07-17,,,,,,,,,,,,,
,2013-07-18,,,,,,,,,,,,,
,2013-07-19,,,,,,,,,,,,,
,2013-07-20,,,,,,,,,,,,,
,2013-07-21,,,,,,,,,,,,,
,2013-07-22,,,,,,,,,,,,,
,2013-07-23,,,,,,,,,,,,,
,2013-07-24,,,,,,,,,,,,,
,2013-07-25,,,,,,,,,,,,,
,2013-07-26,,,,,,,,,,,,,
,2013-07-27,,,,,,,,,,,,,
,2013-07-28,,,,,,,,,,,,,
,2013-07-29,,,,,,,,,,,,,
,2013-07-30,,,,,,,,,,,,,
,2013-07-31,,,,,,,,,,,,,
,2013-08-01,,,,,,,,,,,,,
,2013-08-02,,,,,,,,,,,,,
,2013-08-03,,,,,,,,,,,,,
,2013-08-04,,,,,,,,,,,,,
,2013-08-05,,,,,,,,,,,,,
,2013-08-06,,,,,,,,,,,,,
,2013-08-07,,,,,,,,,,,,,
,2013-08-08,,,,,,,,,,,,,
,2013-08-09,,,,,,,,,,,,,
,2013-08-10,,,,,,,,,,,,,
,2013-08-11,,,,,,,,,,,,,
,2013-08-12,,,,,,,,,,,,,
,2013-08-13,,,,,,,,,,,,,
,2013-08-14,,,,,,,,,,,,,
,2013-08-15,,,,,,,,,,,,,
,2013-08-16,,,,,,,,,,,,,
,2013-08-17,,,,,,,,,,,,,
,2013-08-18,,,,,,,,,,,,,
,2013-08-19,,,,,,,,,,,,,
,2013-08-20,,,,,,,,,,,,,
,2013-08-21,,,,,,,,,,,,,
,2013-08-22,,,,,,,,,,,,,
,2013-08-23,,,,,,,,,,,,,
,2013-08-24,,,,,,,,,,,,,
,2013-08-25,,,,,,,,,,,,,
,2013-08-26,,,,,,,,,,,,,
,2013-08-27,,,,,,,,,,,,,
,2013-08-28,,,,,,,,,,,,,
,2013-08-29,,,,,,,,,,,,,
,2013-08-30,,,,,,,,,,,,,
,2013-08-31,,,,,,,,,,,,,
,2013-09-01,,,,,,,,,,,,,
,2013-09-02,,,,,,,,,,,,,
,2013-09-03,,,,,,,,,,,,,
,2013-09-04,,,,,,,,,,,,,
,2013-09-05,,,,,,,,,,,,,
,2013-09-06,,,,,,,,,,,,,
,2013-09-07,,,,,,,,,,,,,
,2013-09-08,,,,,,,,,,,,,
,2013-09-09,,,,,,,,,,,,,
,2013-09-10,,,,,,,,,,,,,
,2013-09-11,,,,,,,,,,,,,
,2013-09-12,,,,,,,,,,,,,
,2013-09-13,,,,,,,,,,,,,
,2013-09-14,,,,,,,,,,,,,
,2013-09-15,,,,,,,,,,,,,
,2013-09-16,,,,,,,,,,,,,
,2013-09-17,,,,,,,,,,,,,
,2013-09-18,,,,,,,,,,,,,
,2013-09-19,,,,,,,,,,,,,
,2013-09-20,,,,,,,,,,,,,
,2013-09-21,,,,,,,,,,,,,
,2013-09-22,,,,,,,,,,,,,
,2013-09-23,,,,,,,,,,,,,
,2013-09-24,,,,,,,,,,,,,
,2013-09-25,,,,,,,,,,,,,
,2013-09-26,,,,,,,,,,,,,
,2013-09-27,,,,,,,,,,,,,
,2013-09-28,,,,,,,,,,,,,
,2013-09-29,,,,,,,,,,,,,
,2013-09-30,,,,,,,,,,,,,
,2013-10-01,,,,,,,,,,,,,
,2013-10-02,,,,,,,,,,,,,
,2013-10-03,,,,,,,,,,,,,
,2013-10-04,,,,,,,,,,,,,
,2013-10-05,,,,,,,,,,,,,
,2013-10-06,,,,,,,,,,,,,
,2013-10-07,,,,,,,,,,,,,
,2013-10-08,,,,,,,,,,,,,
,2013-10-09,,,,,,,,,,,,,
,2013-10-10,,,,,,,,,,,,,
,2013-10-11,,,,,,,,,,,,,
,2013-10-12,,,,,,,,,,,,,
,2013-10-13,,,,,,,,,,,,,
,2013-10-14,,,,,,,,,,,,,
,2013-10-15,,,,,,,,,,,,,
,2013-10-16,,,,,,,,,,,,,
,2013-10-17,,,,,,,,,,,,,
,2013-10-18,,,,,,,,,,,,,
,2013-10-19,,,,,,,,,,,,,
,2013-10-20,,,,,,,,,,,,,
,2013-10-21,,,,,,,,,,,,,
,2013-10-22,,,,,,,,,,,,,
,2013-10-23,,,,,,,,,,,,,
,2013-10-24,,,,,,,,,,,,,
,2013-10-25,,,,,,,,,,,,,
,2013-10-26,,,,,,,,,,,,,
,2013-10-27,,,,,,,,,,,,,
,2013-10-28,,,,,,,,,,,,,
,2013-10-29,,,,,,,,,,,,,
,2013-10-30,,,,,,,,,,,,,
,2013-10-31,,,,,,,,,,,,,
,2014-05-01,,,,,,,,,,,,,
,2014-05-02,,,,,,,,,,,,,
,2014-05-03,,,,,,,,,,,,,
,2014-05-04,,,,,,,,,,,,,
,2014-05-05,,,,,,,,,,,,,
,2014-05-06,,,,,,,,,,,,,
,2014-05-07,,,,,,,,,,,,,
,2014-05-08,,,,,,,,,,,,,
,2014-05-09,,,,,,,,,,,,,
,2014-05-10,,,,,,,,,,,,,
,2014-05-11,,,,,,,,,,,,,
,2014-05-12,,,,,,,,,,,,,
,2014-05-13,,,,,,,,,,,,,
,2014-05-14,,,,,,,,,,,,,
,2014-05-15,,,,,,,,,,,,,
,2014-05-16,,,,,,,,,,,,,
,2014-05-17,,,,,,,,,,,,,
,2014-05-18,,,,,,,,,,,,,
,2014-05-19,,,,,,,,,,,,,
,2014-05-20,,,,,,,,,,,,,
,2014-05-21,,,,,,,,,,,,,
,2014-05-22,,,,,,,,,,,,,
,2014-05-23,,,,,,,,,,,,,
,2014-05-24,,,,,,,,,,,,,
,2014-05-25,,,,,,,,,,,,,
,2014-05-26,,,,,,,,,,,,,
,2014-05-27,,,,,,,,,,,,,
,2014-05-28,,,,,,,,,,,,,
,2014-05-29,,,,,,,,,,,,,
,2014-05-30,,,,,,,,,,,,,
,2014-05-31,,,,,,,,,,,,,
,2014-06-01,,,,,,,,,,,,,
,2014-06-02,,,,,,,,,,,,,
,2014-06-03,,,,,,,,,,,,,
,2014-06-04,,,,,,,,,,,,,
,2014-06-05,,,,,,,,,,,,,
,2014-06-06,,,,,,,,,,,,,
,2014-06-07,,,,,,,,,,,,,
,2014-06-08,,,,,,,,,,,,,
,2014-06-09,,,,,,,,,,,,,
,2014-06-10,,,,,,,,,,,,,
,2014-06-11,,,,,,,,,,,,,
,2014-06-12,,,,,,,,,,,,,
,2014-06-13,,,,,,,,,,,,,
,2014-06-14,,,,,,,,,,,,,
,2014-06-15,,,,,,,,,,,,,
,2014-06-16,,,,,,,,,,,,,
,2014-06-17,,,,,,,,,,,,,
,2014-06-18,,,,,,,,,,,,,
,2014-06-19,,,,,,,,,,,,,
,2014-06-20,,,,,,,,,,,,,
,2014-06-21,,,,,,,,,,,,,
,2014-06-22,,,,,,,,,,,,,
,2014-06-23,,,,,,,,,,,,,
,2014-06-24,,,,,,,,,,,,,
,2014-06-25,,,,,,,,,,,,,
,2014-06-26,,,,,,,,,,,,,
,2014-06-27,,,,,,,,,,,,,
,2014-06-28,,,,,,,,,,,,,
,2014-06-29,,,,,,,,,,,,,
,2014-06-30,,,,,,,,,,,,,
,2014-07-01,,,,,,,,,,,,,
,2014-07-02,,,,,,,,,,,,,
,2014-07-03,,,,,,,,,,,,,
,2014-07-04,,,,,,,,,,,,,
,2014-07-05,,,,,,,,,,,,,
,2014-07-06,,,,,,,,,,,,,
,2014-07-07,,,,,,,,,,,,,
,2014-07-08,,,,,,,,,,,,,
,2014-07-09,,,,,,,,,,,,,
,2014-07-10,,,,,,,,,,,,,
,2014-07-11,,,,,,,,,,,,,
,2014-07-12,,,,,,,,,,,,,
,2014-07-13,,,,,,,,,,,,,
,2014-07-14,,,,,,,,,,,,,
,2014-07-15,,,,,,,,,,,,,
,2014-07-16,,,,,,,,,,,,,
,2014-07-17,,,,,,,,,,,,,
,2014-07-18,,,,,,,,,,,,,
,2014-07-19,,,,,,,,,,,,,
,2014-07-20,,,,,,,,,,,,,
,2014-07-21,,,,,,,,,,,,,
,2014-07-22,,,,,,,,,,,,,
,2014-07-23,,,,,,,,,,,,,
,2014-07-24,,,,,,,,,,,,,
,2014-07-25,,,,,,,,,,,,,
,2014-07-26,,,,,,,,,,,,,
,2014-07-27,,,,,,,,,,,,,
,2014-07-28,,,,,,,,,,,,,
,2014-07-29,,,,,,,,,,,,,
,2014-07-30,,,,,,,,,,,,,
,2014-07-31,,,,,,,,,,,,,
,2014-08-01,,,,,,,,,,,,,
,2014-08-02,,,,,,,,,,,,,
,2014-08-03,,,,,,,,,,,,,
,2014-08-04,,,,,,,,,,,,,
,2014-08-05,,,,,,,,,,,,,
,2014-08-06,,,,,,,,,,,,,
,2014-08-07,,,,,,,,,,,,,
,2014-08-08,,,,,,,,,,,,,
,2014-08-09,,,,,,,,,,,,,
,2014-08-10,,,,,,,,,,,,,
,2014-08-11,,,,,,,,,,,,,
,2014-08-12,,,,,,,,,,,,,
,2014-08-13,,,,,,,,,,,,,
,2014-08-14,,,,,,,,,,,,,
,2014-08-15,,,,,,,,,,,,,
,2014-08-16,,,,,,,,,,,,,
,2014-08-17,,,,,,,,,,,,,
,2014-08-18,,,,,,,,,,,,,
,2014-08-19,,,,,,,,,,,,,
,2014-08-20,,,,,,,,,,,,,
,2014-08-21,,,,,,,,,,,,,
,2014-08-22,,,,,,,,,,,,,
,2014-08-23,,,,,,,,,,,,,
,2014-08-24,,,,,,,,,,,,,
,2014-08-25,,,,,,,,,,,,,
,2014-08-26,,,,,,,,,,,,,
,2014-08-27,,,,,,,,,,,,,
,2014-08-28,,,,,,,,,,,,,
,2014-08-29,,,,,,,,,,,,,
,2014-08-30,,,,,,,,,,,,,
,2014-08-31,,,,,,,,,,,,,
,2014-09-01,,,,,,,,,,,,,
,2014-09-02,,,,,,,,,,,,,
,2014-09-03,,,,,,,,,,,,,
,2014-09-04,,,,,,,,,,,,,
,2014-09-05,,,,,,,,,,,,,
,2014-09-06,,,,,,,,,,,,,
,2014-09-07,,,,,,,,,,,,,
,2014-09-08,,,,,,,,,,,,,
,2014-09-09,,,,,,,,,,,,,
,2014-09-10,,,,,,,,,,,,,
,2014-09-11,,,,,,,,,,,,,
,2014-09-12,,,,,,,,,,,,,
,2014-09-13,,,,,,,,,,,,,
,2014-09-14,,,,,,,,,,,,,
,2014-09-15,,,,,,,,,,,,,
,2014-09-16,,,,,,,,,,,,,
,2014-09-17,,,,,,,,,,,,,
,2014-09-18,,,,,,,,,,,,,
,2014-09-19,,,,,,,,,,,,,
,2014-09-20,,,,,,,,,,,,,
,2014-09-21,,,,,,,,,,,,,
,2014-09-22,,,,,,,,,,,,,
,2014-09-23,,,,,,,,,,,,,
,2014-09-24,,,,,,,,,,,,,
,2014-09-25,,,,,,,,,,,,,
,2014-09-26,,,,,,,,,,,,,
,2014-09-27,,,,,,,,,,,,,
,2014-09-28,,,,,,,,,,,,,
,2014-09-29,,,,,,,,,,,,,
,2014-09-30,,,,,,,,,,,,,
,2014-10-01,,,,,,,,,,,,,
,2014-10-02,,,,,,,,,,,,,
,2014-10-03,,,,,,,,,,,,,
,2014-10-04,,,,,,,,,,,,,
,2014-10-05,,,,,,,,,,,,,
,2014-10-06,,,,,,,,,,,,,
,2014-10-07,,,,,,,,,,,,,
,2014-10-08,,,,,,,,,,,,,
,2014-10-09,,,,,,,,,,,,,
,2014-10-10,,,,,,,,,,,,,
,2014-10-11,,,,,,,,,,,,,
,2014-10-12,,,,,,,,,,,,,
,2014-10-13,,,,,,,,,,,,,
,2014-10-14,,,,,,,,,,,,,
,2014-10-15,,,,,,,,,,,,,
,2014-10-16,,,,,,,,,,,,,
,2014-10-17,,,,,,,,,,,,,
,2014-10-18,,,,,,,,,,,,,
,2014-10-19,,,,,,,,,,,,,
,2014-10-20,,,,,,,,,,,,,
,2014-10-21,,,,,,,,,,,,,
,2014-10-22,,,,,,,,,,,,,
,2014-10-23,,,,,,,,,,,,,
,2014-10-24,,,,,,,,,,,,,
,2014-10-25,,,,,,,,,,,,,
,2014-10-26,,,,,,,,,,,,,
,2014-10-27,,,,,,,,,,,,,
,2014-10-28,,,,,,,,,,,,,
,2014-10-29,,,,,,,,,,,,,
,2014-10-30,,,,,,,,,,,,,
,2014-10-31,,,,,,,,,,,,,
